INSERT INTO brand (id, kor_name, eng_name, url, description, img, active, state, create_date, update_date) VALUES (1, '라프시몬스', 'RAFSIMONS', 'rafsimons.com', '10대 하위 문화의 에너지와 독특성을 고전적인 재단 기술의 날카로움과 정밀함과 융합시킨 라프 시몬스가 선보이는 룩은 자신감 있는 아웃사이더에게 영감을 받았고 그들을 위해 디자인되었다. 첫 번째 컬렉션부터 음악, 예술, 퍼포먼스, 이미지와 단어가 전체 패키지에서 중요한 역할을 하며, 라프 시몬스가 보여주고자 하는 세상의 종류를 요약하거나 오히려 명확히 한다. 항상 그의 우주의 핵심(그리고 옷 자체만큼 필수적인)에는 개성과 독립에 대한 태도, 분위기, 진술이 있다. 라프 시몬스의 접근 방식에서 마찬가지로 중요한 것은 혁신에 대한 끊임없는 탐구이다. 디자인은 역사적 또는 고전적인 참고 자료에서 영감을 받았더라도 항상 현재와 미래를 찾는다. 오랜 세월에 걸쳐 시그니처 스타일은 진화하고 성숙했지만, 핵심 요소는 동일하게 유지되었습니다. 현대적인 비율, 원단과 질감에 대한 끊임없는 연구, 무엇보다도 순수한 구조와 새로운 모양이 현대인의 신체와 정신과 상호 작용하는 것입니다.', 'RAFSIMONS.png', null, null, '2024-10-18 19:00:04', '2024-10-18 19:00:04');
INSERT INTO brand (id, kor_name, eng_name, url, description, img, active, state, create_date, update_date) VALUES (2, '마리아노', 'MAGLIANO', 'magliano.website', '마리아노는 2017년 이탈리아 언더그라운드의 본거지인 볼로냐에서 루카 마글리아노가 창립한 이탈리아 패션 브랜드입니다. 이탈리아의 전형적인 하위 문화와 운동에서 많은 영감을 받은 마글리아노는 정장이나 조끼, 셔츠와 같은 남성복의 기본에 어둡고 독특하고 흐트러진 태도를 부여합니다.', 'MAGLIANO.png', null, null, '2024-10-18 19:17:45', '2024-10-18 19:17:45');
INSERT INTO brand (id, kor_name, eng_name, url, description, img, active, state, create_date, update_date) VALUES (3, '르메르', 'LEMAIRE', 'www.lemaire.fr', '크리스토프 르메르와 사라-린 트란이 이끄는 LEMAIRE 브랜드는 세계적이고 세련되며 풍부한 영향을 받은 시대를 초월한 파리 스타일을 제공합니다. 품질을 위해 선택된 원단으로 제작되고 일상복으로 디자인된 이 옷장은 모듈성이 뛰어납니다. 유연한 실루엣과 부드러운 색상 팔레트 덕분에 LEMAIRE 의상은 시간이 지남에 따라 스타일을 바꾸고 강조할 수 있습니다. 다양한 컬렉션과 시즌의 옷을 손쉽게 조합하면서도 움직일 때 몸 주위에 떠 있는 공간을 유지할 수 있습니다. 일부 요소는 전통적인 아시아 의상에서 차용했습니다. 깊은 주머니, 세련된 디자인, 평화롭고 자신감 있는 삶을 위한 보호소로서의 완벽하게 비례하는 집의 우화입니다. 작업복과 군복은 옷장의 옷에 실용성과 견고한 마감을 더합니다. 색상 팔레트는 실루엣의 순수한 선을 강조하고 얼굴과 몸을 보완하는 다양한 중립적, 흙빛 및 차분한 색조를 특징으로 합니다.', 'LEMAIRE.png', null, null, '2024-10-18 19:17:45', '2024-10-18 19:17:45');
INSERT INTO brand (id, kor_name, eng_name, url, description, img, active, state, create_date, update_date) VALUES (4, '메종 미하라 야스히로', 'Maison MIHARA YASUHIRO', ' https://miharayasuhiro.jp/', 'MIHARAYASUHIRO는 1997년 신발 브랜드로 시작했습니다. 독특하고 놀라운 아이디어로 모두의 시선을 사로잡는 미하라의 디자인. 그는 항상 사람들이 모든 컬렉션의 각 의상에 담긴 유쾌한 테마를 즐길 수 있도록 독창적인 생각을 합니다.', '-', null, null, '2024-10-18 19:13:22', '2024-10-18 19:13:24');
INSERT INTO brand (id, kor_name, eng_name, url, description, img, active, state, create_date, update_date) VALUES (5, '톰브라운', 'THOM BROWNE', 'https://www.thombrowne.com/kr/', '톰 브라운의 메인 아이템이라고 불리는 그의 수트에서는 \의 개념이 강하다. 1950~1960년대 미국의 회색 수트의 영향을 볼 수 있는데 모두가 동일한 모습으로 동조(同調)라는 미국의 보수성 디자인 철학을 볼 수 있다. 재미있는 점은 이런 사회적으로 동조하는 옷이 또 다른 시대로 가져와 생기는 의미의 변화다. 그의 수트는 동조를 의미하는 유니폼과 동시에 수트를 입는것이 일반적이지 않은 미국 사회에서 전통을 기준삼지만 동시에 그 전통을 깨버리는 수트를 입는 것이야 말로 반란의 증표이자 아메리카나의 전복인 셈이다. 추가로 수트에 반바지를 입은 모습은 1950~1960년대의 남자 아이들 교복 이미지를 가져왔다.', 'THOMBROWNE.PNG', null, null, '2024-10-18 19:17:45', '2024-10-18 19:17:45');
INSERT INTO brand (id, kor_name, eng_name, url, description, img, active, state, create_date, update_date) VALUES (6, '몽클레어', 'MONCLER', 'https://www.moncler.com/ko-kr/', '몽클레르는 1952년 프랑스에서 르네 라미용에 의해 설립되었다. 설립 당시 주로 등산인들을 위한 침낭과 외부 덮개가 달리고 사이즈 조절이 가능한 텐트 등의 제품을 위주로 제작하는 브랜드였다. 지금은 고급 명품 브랜드로 통하는 몽클레르와 비교 대상이 아닌 브랜드지만 캐나다의 아크테릭스, 이태리의 몬츄라, 스위스의 마무트 같은 유명 아웃도어 브랜드에 비하면 당시 몽클레르는 아직 걸음마 단계인 브랜드였고 애초에 등산 용품 브랜드였지 의류를 생산하지는 않았다.', 'MONCLER.PNG', null, null, '2024-10-18 19:17:45', '2024-10-18 19:17:45');
INSERT INTO brand (id, kor_name, eng_name, url, description, img, active, state, create_date, update_date) VALUES (7, '발렌시아가', 'BALENCIAGA', 'https://www.balenciaga.com/ko-kr', '발렌시아가(BALENCIAGA)는 1937년에 설립된 프랑스의 명품 패션 하우스로 가방, 신발, 의류 등을 취급한다.', 'BALENCIAGA.PNG', null, null, '2024-10-18 19:17:23', '2024-10-18 19:17:23');
INSERT INTO brand (id, kor_name, eng_name, url, description, img, active, state, create_date, update_date) VALUES (8, '휴먼메이드', 'HUAMNMADE', ' https://humanmade.jp/', 'Human Made는 일본의 패션 디자이너 NIGO와 그래픽 디자이너 sk8thing이 설립한 브랜드이다.', '-', null, null, '2024-10-18 19:13:25', '2024-10-18 19:13:26');
INSERT INTO brand (id, kor_name, eng_name, url, description, img, active, state, create_date, update_date) VALUES (9, '앤더슨 벨', 'ANDERSONBELL', ' https://anderssonbell.com/', '2014년 서울에서 런칭된 브랜드 "앤더슨 벨"은 크리에이티브 디렉터로부터 시작되었습니다.

한국과 스칸디나비아의 서로 다른 두 문화를 대조하면서 영감을 얻었습니다.

앤더슨 벨은 스칸디나비아의 감성을 재해석하여 한국인의 시각으로 새로운 오브제를 만들어 론칭되었습니다.

앤더슨 벨 브랜드의 각 단어에는 고유한 의미가 담겨 있습니다.

첫 번째 단어 "Andersson"은 전형적인 스웨덴 성에서 따왔으며 두 번째 단어 "Bell"은 한국 전통 사원 종을 나타냅니다.

단순히 두 가지 대조되는 문화적 특성이 하나로 결합되어 앤더슨 벨이 되었습니다.

이 시점에서 앤더슨 벨은 대조를 통해 자신의 관점과 독특한 브랜드를 보여주고 싶어합니다.
다양한 문화가 함께 어우러져 스칸디나비아에만 한계를 두는 것이 아닙니다.', '-', null, null, '2024-10-18 19:13:27', '2024-10-18 19:13:28');
INSERT INTO shopping_mall (id, eng_name, kor_name, url, description, img, deliveryfee, taxes, active, state, create_date, update_date) VALUES (1, 'FARFETCH', '파페치', 'www.farfetch.com', null, 'FARFETCH.png', null, null, null, null, '2024-10-18 18:44:36', '2024-10-18 18:44:41');
INSERT INTO shopping_mall (id, eng_name, kor_name, url, description, img, deliveryfee, taxes, active, state, create_date, update_date) VALUES (2, 'NUBIAN', '누비안', 'nubiantokyo.com', null, null, null, null, null, null, '2024-10-18 18:50:43', '2024-10-18 18:50:45');
INSERT INTO shopping_mall (id, eng_name, kor_name, url, description, img, deliveryfee, taxes, active, state, create_date, update_date) VALUES (11, 'SSENSE', '에센스', 'www.ssense.com', null, 'SSENSE.png', null, null, null, null, '2024-10-18 19:00:40', '2024-10-18 19:00:41');
INSERT INTO shopping_mall (id, eng_name, kor_name, url, description, img, deliveryfee, taxes, active, state, create_date, update_date) VALUES (12, 'MYTHERESA', '마이테레사', 'www.mytheresa.com', null, 'MYTHERESA.png', null, null, null, null, '2024-10-18 19:00:41', '2024-10-18 19:00:42');
INSERT INTO shopping_mall (id, eng_name, kor_name, url, description, img, deliveryfee, taxes, active, state, create_date, update_date) VALUES (13, 'WANANLUXURY', '완안럭셔리', 'us.wananluxury.com', null, 'WANANLUXURY.png', null, null, null, null, '2024-10-18 19:00:43', '2024-10-18 19:00:44');
INSERT INTO shopping_mall (id, eng_name, kor_name, url, description, img, deliveryfee, taxes, active, state, create_date, update_date) VALUES (14, 'NETDRESSED', '넷드레스드', 'netdressed.com', null, 'NETDRESSED.png', null, null, null, null, '2024-10-18 19:00:45', '2024-10-18 19:00:46');
INSERT INTO shopping_mall (id, eng_name, kor_name, url, description, img, deliveryfee, taxes, active, state, create_date, update_date) VALUES (15, 'ERALDO', '에랄도', 'www.eraldo.com', null, 'ERALDO.png', null, null, null, null, '2024-10-18 19:00:47', '2024-10-18 19:00:48');
INSERT INTO shopping_mall (id, eng_name, kor_name, url, description, img, deliveryfee, taxes, active, state, create_date, update_date) VALUES (17, 'YOOX', '육스', 'www.yoox.com', null, 'YOOX.png', null, null, null, null, '2024-10-18 19:00:49', '2024-10-18 19:00:50');
INSERT INTO shopping_mall (id, eng_name, kor_name, url, description, img, deliveryfee, taxes, active, state, create_date, update_date) VALUES (18, 'FEATURE', '피쳐', 'feature.com', null, 'FEATURE.png', null, null, null, null, '2024-10-18 19:00:51', '2024-10-18 19:00:52');
INSERT INTO shopping_mall (id, eng_name, kor_name, url, description, img, deliveryfee, taxes, active, state, create_date, update_date) VALUES (19, 'SV77', '에스브이77', 'sv77.com/', null, 'SV77.png', null, null, null, null, '2024-10-18 19:00:53', '2024-10-18 19:00:53');
INSERT INTO shopping_mall (id, eng_name, kor_name, url, description, img, deliveryfee, taxes, active, state, create_date, update_date) VALUES (22, 'LUISAVIAROMA', '루이사비 아로마', 'https://www.luisaviaroma.com/en-kr/sw/women?lvrid=_gw', null, 'LUISAVIAROMA.PNG', null, null, null, null, '2024-10-18 19:00:54', '2024-10-18 19:00:55');
INSERT INTO shopping_mall (id, eng_name, kor_name, url, description, img, deliveryfee, taxes, active, state, create_date, update_date) VALUES (23, 'END.', '앤드', 'https://www.endclothing.com/kr', null, 'END.PNG', null, null, null, null, '2024-10-18 19:00:56', '2024-10-18 19:00:57');
INSERT INTO shopping_mall (id, eng_name, kor_name, url, description, img, deliveryfee, taxes, active, state, create_date, update_date) VALUES (24, 'BALTINI', '발티니', 'https://www.baltini.com/', null, 'BALTINI.PNG', null, null, null, null, '2024-10-18 19:00:59', '2024-10-18 19:01:00');
INSERT INTO shopping_mall (id, eng_name, kor_name, url, description, img, deliveryfee, taxes, active, state, create_date, update_date) VALUES (25, 'HBX', 'HBX', 'https://hbx.com/kr?no-direct=1', null, 'HBX.PNG', null, null, null, null, '2024-10-18 19:01:01', '2024-10-18 19:01:01');
INSERT INTO shopping_mall (id, eng_name, kor_name, url, description, img, deliveryfee, taxes, active, state, create_date, update_date) VALUES (26, 'ITALIST', '이탈리스트', 'https://www.italist.com/kr/', null, 'ITALIST.PNG', null, null, null, null, '2024-10-18 19:01:02', '2024-10-18 19:01:03');
INSERT INTO shopping_mall (id, eng_name, kor_name, url, description, img, deliveryfee, taxes, active, state, create_date, update_date) VALUES (27, 'MR PORTER', '미스터 포터', 'https://www.mrporter.com/ko-kr/', null, 'MRPORTER.PNG', null, null, null, null, '2024-10-18 19:01:04', '2024-10-18 19:01:05');
INSERT INTO category (id, name, parent_id, level) VALUES (1, '남성', null, 1);
INSERT INTO category (id, name, parent_id, level) VALUES (2, '여성', null, 1);
INSERT INTO category (id, name, parent_id, level) VALUES (3, '상의', 1, 2);
INSERT INTO category (id, name, parent_id, level) VALUES (4, '하의', 1, 2);
INSERT INTO category (id, name, parent_id, level) VALUES (5, '아우터/자켓', 1, 2);
INSERT INTO category (id, name, parent_id, level) VALUES (6, '상의', 2, 2);
INSERT INTO category (id, name, parent_id, level) VALUES (7, '하의', 2, 2);
INSERT INTO category (id, name, parent_id, level) VALUES (8, '아우터/자켓', 2, 2);
INSERT INTO category (id, name, parent_id, level) VALUES (9, '원피스/스커트', 2, 2);
INSERT INTO category (id, name, parent_id, level) VALUES (10, '스웨트 셔츠/맨투맨', 3, 3);
INSERT INTO category (id, name, parent_id, level) VALUES (11, '셔츠/블라우스', 3, 3);
INSERT INTO category (id, name, parent_id, level) VALUES (12, '반소매 티셔츠', 3, 3);
INSERT INTO category (id, name, parent_id, level) VALUES (13, '긴소매 티셔츠', 3, 3);
INSERT INTO category (id, name, parent_id, level) VALUES (14, '카라 티셔츠/피케 셔츠', 3, 3);
INSERT INTO category (id, name, parent_id, level) VALUES (15, '민소매 티셔츠', 3, 3);
INSERT INTO category (id, name, parent_id, level) VALUES (16, '니트', 3, 3);
INSERT INTO category (id, name, parent_id, level) VALUES (17, '기타', 3, 3);
INSERT INTO category (id, name, parent_id, level) VALUES (18, '스웨트 셔츠/맨투맨', 6, 3);
INSERT INTO category (id, name, parent_id, level) VALUES (19, '셔츠/블라우스', 6, 3);
INSERT INTO category (id, name, parent_id, level) VALUES (20, '반소매 티셔츠', 6, 3);
INSERT INTO category (id, name, parent_id, level) VALUES (21, '긴소매 티셔츠', 6, 3);
INSERT INTO category (id, name, parent_id, level) VALUES (22, '카라 티셔츠/피케 셔츠', 6, 3);
INSERT INTO category (id, name, parent_id, level) VALUES (23, '민소매 티셔츠', 6, 3);
INSERT INTO category (id, name, parent_id, level) VALUES (24, '니트', 6, 3);
INSERT INTO category (id, name, parent_id, level) VALUES (25, '기타', 6, 3);
INSERT INTO category (id, name, parent_id, level) VALUES (26, '데님 팬츠', 4, 3);
INSERT INTO category (id, name, parent_id, level) VALUES (27, '코튼 팬츠', 4, 3);
INSERT INTO category (id, name, parent_id, level) VALUES (28, '슬랙스', 4, 3);
INSERT INTO category (id, name, parent_id, level) VALUES (29, '조거 팬츠/트레이닝', 4, 3);
INSERT INTO category (id, name, parent_id, level) VALUES (30, '숏 팬츠', 4, 3);
INSERT INTO category (id, name, parent_id, level) VALUES (31, '기타', 4, 3);
INSERT INTO category (id, name, parent_id, level) VALUES (32, '데님 팬츠', 7, 3);
INSERT INTO category (id, name, parent_id, level) VALUES (33, '코튼 팬츠', 7, 3);
INSERT INTO category (id, name, parent_id, level) VALUES (34, '슬랙스', 7, 3);
INSERT INTO category (id, name, parent_id, level) VALUES (35, '조거 팬츠/트레이닝', 7, 3);
INSERT INTO category (id, name, parent_id, level) VALUES (36, '숏 팬츠', 7, 3);
INSERT INTO category (id, name, parent_id, level) VALUES (37, '기타', 7, 3);
INSERT INTO category (id, name, parent_id, level) VALUES (38, '집업', 5, 3);
INSERT INTO category (id, name, parent_id, level) VALUES (39, 'MA-1/블루종', 5, 3);
INSERT INTO category (id, name, parent_id, level) VALUES (40, '레더 자켓', 5, 3);
INSERT INTO category (id, name, parent_id, level) VALUES (41, '트러커 자켓', 5, 3);
INSERT INTO category (id, name, parent_id, level) VALUES (42, '블레이저', 5, 3);
INSERT INTO category (id, name, parent_id, level) VALUES (43, '가디건', 5, 3);
INSERT INTO category (id, name, parent_id, level) VALUES (44, '나일론/아노락 자켓', 5, 3);
INSERT INTO category (id, name, parent_id, level) VALUES (45, '플리스', 5, 3);
INSERT INTO category (id, name, parent_id, level) VALUES (46, '야상', 5, 3);
INSERT INTO category (id, name, parent_id, level) VALUES (47, '싱글 코트', 5, 3);
INSERT INTO category (id, name, parent_id, level) VALUES (48, '더블 코트', 5, 3);
INSERT INTO category (id, name, parent_id, level) VALUES (49, '롱 패딩', 5, 3);
INSERT INTO category (id, name, parent_id, level) VALUES (50, '숏 패딩', 5, 3);
INSERT INTO category (id, name, parent_id, level) VALUES (51, '기타', 5, 3);
INSERT INTO category (id, name, parent_id, level) VALUES (52, '집업', 8, 3);
INSERT INTO category (id, name, parent_id, level) VALUES (53, 'MA-1/블루종', 8, 3);
INSERT INTO category (id, name, parent_id, level) VALUES (54, '레더 자켓', 8, 3);
INSERT INTO category (id, name, parent_id, level) VALUES (55, '트러커 자켓', 8, 3);
INSERT INTO category (id, name, parent_id, level) VALUES (56, '블레이저', 8, 3);
INSERT INTO category (id, name, parent_id, level) VALUES (57, '가디건', 8, 3);
INSERT INTO category (id, name, parent_id, level) VALUES (58, '나일론/아노락 자켓', 8, 3);
INSERT INTO category (id, name, parent_id, level) VALUES (59, '플리스', 8, 3);
INSERT INTO category (id, name, parent_id, level) VALUES (60, '야상', 8, 3);
INSERT INTO category (id, name, parent_id, level) VALUES (61, '싱글 코트', 8, 3);
INSERT INTO category (id, name, parent_id, level) VALUES (62, '더블 코트', 8, 3);
INSERT INTO category (id, name, parent_id, level) VALUES (63, '롱 패딩', 8, 3);
INSERT INTO category (id, name, parent_id, level) VALUES (64, '숏 패딩', 8, 3);
INSERT INTO category (id, name, parent_id, level) VALUES (65, '기타', 8, 3);
INSERT INTO category (id, name, parent_id, level) VALUES (66, '미니 원피스', 9, 3);
INSERT INTO category (id, name, parent_id, level) VALUES (67, '맥시 원피스 ', 9, 3);
INSERT INTO category (id, name, parent_id, level) VALUES (68, '미니 스커트', 9, 3);
INSERT INTO category (id, name, parent_id, level) VALUES (69, '롱 스커트', 9, 3);
INSERT INTO category (id, name, parent_id, level) VALUES (70, '숏 팬츠', 9, 3);
INSERT INTO category (id, name, parent_id, level) VALUES (71, '기타', 9, 3);

INSERT INTO product (id, product_name, retail_price, url, description, present_id, mapping_id, active, state, create_date, update_date, brand_id, category_id, shopping_mall_id) VALUES (1, 'souvenir jacket', 1335100, 'https://nubiantokyo.com/en-kr/products/j13bl141-grn', 'Gender        MEN
Designer        Maison MIHARA YASUHIRO
Categories        Maison Mihara Yasuhiro
Material        COTTONN 58%, RAYON 42%
Model Number        j13bl141-grn', true, 1, null, null, '2024-10-18 19:26:25', '2024-10-18 19:26:25', 4, 4, 2);
INSERT INTO product (id, product_name, retail_price, url, description, present_id, mapping_id, active, state, create_date, update_date, brand_id, category_id, shopping_mall_id) VALUES (2, 'souvenir jacket', 1760000, 'https://www.farfetch.com/kr/shopping/men/maison-mihara-yasuhiro--item-23903381.aspx?clickref=1011lzEGJRhK&utm_source=reversible&utm_medium=affiliate&utm_campaign=PHUS&pid=partnerize_int&c=PHUS&clickid=1011lzEGJRhK&af_siteid=reversible&af_cost_model=CPA&af_channel=affiliate&is_retargeting=true', '"스타일
그린, 멀티컬러 색상
코튼 혼방
앞면의 지퍼로 잠그는 형식
패딩 처리된 디자인
패널 디테일
베이스볼 칼라
자수 모티프
옆면에 있는 두 개의 포켓
앞면의 로고 패치
긴소매
골지 커프스와 밑단
직선형의 밑단
다이아몬드 퀼팅 안감
내부의 포켓
소재
겉감: 코튼 58%, 레이온 42%

안감: 코튼 58%, 레이온 42%

충전재: 폴리에스터 100%

관리 방법
드라이크리닝 전용"', false, 1, null, null, '2024-10-18 19:26:25', '2024-10-18 19:26:25', 4, 4, 1);
INSERT INTO product (id, product_name, retail_price, url, description, present_id, mapping_id, active, state, create_date, update_date, brand_id, category_id, shopping_mall_id) VALUES (3, 'abstract-knit V-neck vest', 961312, 'https://www.yoox.com/us/14409523QK/item?tp=11333&utm_source=rakuten&utm_medium=affiliation-rs&utm_campaign=us_3748803&utm_content=reversible&ranMID=24285&ranEAID=ewGjQBZZVAk&ranSiteID=ewGjQBZZVAk-MbsQirXCg3OItVgiEq7PUg&siteID=ewGjQBZZVAk-MbsQirXCg3OItVgiEq7PUg#cod10=14409523QK&sizeId=-1', 'COMPOSITION', true, 3, null, null, '2024-10-18 19:26:25', '2024-10-18 19:26:25', 9, 2, 17);
INSERT INTO product (id, product_name, retail_price, url, description, present_id, mapping_id, active, state, create_date, update_date, brand_id, category_id, shopping_mall_id) VALUES (4, '아트 패턴 니트 V넥 베스트', 1147000, 'https://www.farfetch.com/kr/shopping/men/andersson-bell-v-item-19581368.aspx?clickref=1101lzEEDbpD&utm_source=reversible&utm_medium=affiliate&utm_campaign=PHUS&pid=partnerize_int&c=PHUS&clickid=1101lzEEDbpD&af_siteid=reversible&af_cost_model=CPA&af_channel=affiliate&is_retargeting=true', '일렉트릭 블루', false, 3, false, false, null, null, 9, 2, 1);
INSERT INTO product (id, product_name, retail_price, url, description, present_id, mapping_id, active, state, create_date, update_date, brand_id, category_id, shopping_mall_id) VALUES (17, 'embroidered-logo wool jacket', 2354069, 'https://www.baltini.com/products/human-made-varsity-bomber-jacket', 'Materials: Wool
Gender: Men
Material: 90% WOOL 10% NYLON
Color: BROWN
Made in: JP
Product ID: HM26JK016BROWN
*Import tax/duty wi', true, 17, null, null, '2024-10-18 19:26:25', '2024-10-18 19:26:25', 8, 4, 24);
INSERT INTO product (id, product_name, retail_price, url, description, present_id, mapping_id, active, state, create_date, update_date, brand_id, category_id, shopping_mall_id) VALUES (18, '로고 자수 울 재킷', 2900000, 'https://www.farfetch.com/kr/shopping/men/human-made--item-23871984.aspx?storeid=11004&q=23871984&qr=2&qmt=3', '스타일
초콜릿 브라운 색상
울 혼방
앞면의 자수 로고
뒷면의 로고 자수
뒷면의 그래픽 프린트
버튼으로 잠그는 형식
옆면에 있는 두 개의 플랩 포켓
골지 커프스와 밑단
가장자리의 스트라이프 디자인
소재
울 90%, 나일론 10%

관리 방법
제조사 설명서 읽기

상품 ID
파페치 ID: 23871984

브랜드 스타일 ID: HM26JK016', false, 17, null, null, '2024-10-18 19:26:25', '2024-10-18 19:26:25', 8, 4, 1);
INSERT INTO product (id, product_name, retail_price, url, description, present_id, mapping_id, active, state, create_date, update_date, brand_id, category_id, shopping_mall_id) VALUES (19, 'Varsity Bomber Jacket Jackets Brown', 2129400, 'https://us.wananluxury.com/en-kr/collections/mens-clothing/products/human-made-varsity-bomber-jacket-jackets-brown?utm_source=rakuten&utm_medium=affiliate&utm_campaign=3748803&utm_content=10&utm_term=itnetwork&ranMID=47153&ranEAID=ewGjQBZZVAk&ranSiteID=ewGjQBZZVAk-T38HcidoA95iNwsDgiEesQ', 'Colours: Brown
Composition: 90% wool 10% nylon
Made in: Japan
MPN: HM26JK016BROWN', false, 17, null, null, '2024-10-18 19:26:25', '2024-10-18 19:26:25', 8, 4, 13);
INSERT INTO product (id, product_name, retail_price, url, description, present_id, mapping_id, active, state, create_date, update_date, brand_id, category_id, shopping_mall_id) VALUES (33, 'SHORT SLEEVE RELAXED T-SHIRT', 314900, 'https://www.ssense.com/en-us/men/product/lemaire/yellow-relaxed-t-shirt/15070551', 'Lightweight mercerised cotton jersey T-shirt.

· Rib knit scoop neck, hem, and cuffs
· Gathering at hem and cuffs
· Dropped shoulders

Supplier color: Lemon glaze

100% cotton.

Made in Portugal.

241646M213004

', true, 33, null, null, '2024-10-18 19:26:25', '2024-10-18 19:26:25', 3, 1, 11);
INSERT INTO product (id, product_name, retail_price, url, description, present_id, mapping_id, active, state, create_date, update_date, brand_id, category_id, shopping_mall_id) VALUES (34, 'Cotton jersey T-shirt', 261300, 'https://www.farfetch.com/kr/shopping/men/lemaire--item-21922367.aspx?storeid=13537', 'LEMAIRE

드롭 숄더 티셔츠

스타일

레몬 옐로 색상

코튼

크루 넥

드롭 크로치

반소매

골지 커프스와 밑단

소재

코튼 100%

관리 방법

세탁기 사용

모델 사이즈

키: 1.87 m, 착용 사이즈: M

상품 ID

파페치 ID: 21922367

브랜드 스타일 ID: TO1231LJ1018

', false, 33, null, null, '2024-10-18 19:26:25', '2024-10-18 19:26:25', 3, 1, 12);
INSERT INTO product (id, product_name, retail_price, url, description, present_id, mapping_id, active, state, create_date, update_date, brand_id, category_id, shopping_mall_id) VALUES (35, 'DROP SHOULDER T-SHIRT', 214400, 'https://www.farfetch.com/shopping/men/lemaire-drop-shoulder-cotton-t-shirt-item-21922367.aspx', '소재: 100% 면
관리방법: 물세탁 가능 (30℃)
제조국: 포르투갈
디자이너 컬러명: White
상품 번호: P00962940', false, 33, null, null, '2024-10-18 19:26:25', '2024-10-18 19:26:25', 3, 1, 1);
INSERT INTO product (id, product_name, retail_price, url, description, present_id, mapping_id, active, state, create_date, update_date, brand_id, category_id, shopping_mall_id) VALUES (36, 'SHORT SLEEVE RELAXED T-SHIRT', 273360, 'https://us.wananluxury.com/en-kr/collections/mens-clothing/products/lemaire-mercerized-cotton-t-shirt-yellow', '- Mercerized cotton crew neck t-shirt with short sleeves.
- Colours: Yellow
- Composition: 100% cotton
- Made in: Portugal
- Dimension: Relaxed fit
- MPN: TO1231LJ1018YE500

Dimensions:
Relaxed fit
Composition:
100% cotton', false, 33, null, null, '2024-10-18 19:26:25', '2024-10-18 19:26:25', 3, 1, 13);
INSERT INTO product (id, product_name, retail_price, url, description, present_id, mapping_id, active, state, create_date, update_date, brand_id, category_id, shopping_mall_id) VALUES (37, 'SWEATSHIRT', 801320, 'https://netdressed.com/collections/all/products/sweatshirt-195', 'Chocolate brown cotton jersey texture asymmetric design embroidered logo at the chest drawstring hood drop shoulder long sleeves ribbed cuffs and hem two side slit pockets fleece lining straight hem.', true, 37, null, null, '2024-10-18 19:26:25', '2024-10-18 19:26:25', 2, 2, 14);
INSERT INTO product (id, product_name, retail_price, url, description, present_id, mapping_id, active, state, create_date, update_date, brand_id, category_id, shopping_mall_id) VALUES (38, 'embroidered-logo asymmetric hoodie', 782560, 'https://www.eraldo.com/us/shopping/magliano-embroidered-logo-asymmetric-hoodie-22590861', 'chocolate brown
cotton
jersey texture
asymmetric design
embroidered logo at the chest
drawstring hood
drop shoulder
long sleeves
ribbed cuffs and hem
two side slit pockets
fleece lining
straight hem

Size & Fit

Model Measurements:
Bust: 0cm
Height: 0cm
Hips: 0cm
Waist: 0cm

Fabric and Care

Designer Style ID: R58011828LM28
Designer Colour: 09 BROWN
Composition:
Cotton 100%
Washing instructions:
Machine Wash
Made in Italy', false, 37, null, null, '2024-10-18 19:26:25', '2024-10-18 19:26:25', 2, 2, 15);
INSERT INTO product (id, product_name, retail_price, url, description, present_id, mapping_id, active, state, create_date, update_date, brand_id, category_id, shopping_mall_id) VALUES (39, 'embroidered-logo asymmetric hoodie', 678040, 'https://www.farfetch.com/shopping/men/magliano-embroidered-logo-asymmetric-hoodie-item-22590861.aspx?storeid=9446', 'Highlights

- Chocolate brown
- Cotton
- Jersey texture
- Asymmetric design
- Embroidered logo at the chest
- Drawstring hood
- Drop shoulder
- Long sleeves
- Ribbed cuffs and hem
- Two side slit pockets
- Fleece lining
- Straight hem

Composition

Cotton 100%', false, 37, null, null, '2024-10-18 19:26:25', '2024-10-18 19:26:25', 2, 2, 1);
INSERT INTO product (id, product_name, retail_price, url, description, present_id, mapping_id, active, state, create_date, update_date, brand_id, category_id, shopping_mall_id) VALUES (40, 'T-shirts', 525280, 'https://www.yoox.com/us/12735016IQ/item#dept=men&queryID=dcb10d065df5fe6773f32a68b4c0059a&cod10=12735016IQ&sizeId=-1', 'jersey, print, brooch, solid colour with appliqués, round collar, short sleeves
Product code: 12735016IQ', true, 40, null, null, '2024-10-18 19:26:25', '2024-10-18 19:26:25', 1, 1, 17);
INSERT INTO product (id, product_name, retail_price, url, description, present_id, mapping_id, active, state, create_date, update_date, brand_id, category_id, shopping_mall_id) VALUES (41, 'Solitary Disorder Big Fit T-Shirt - White', 525280, 'https://feature.com/collections/raf-simons/products/raf-simons-solitary-disorder-big-fit-t-shirt-white', 'Bold and unique, the Solitary Disorder Big Fit T-Shirt is the latest from Raf Simons as it highlights bold imagery. Constructed with premium cotton, the tee is designed for an oversized fit while the main graphic is complemented by a pinned motif.

100% cotton
Removable pin
Oversized fit
Style No: 211-M120-19001-0010', false, 40, null, null, '2024-10-18 19:26:25', '2024-10-18 19:26:25', 1, 1, 18);
INSERT INTO product (id, product_name, retail_price, url, description, present_id, mapping_id, active, state, create_date, update_date, brand_id, category_id, shopping_mall_id) VALUES (42, 'White Printed T-shirt', 837500, 'https://sv77.com/men/raf-simons/white-printed-t-shirt/197536-product/', '211-M120-19001-0010
Material: 100% cotton
Designed in: Belgium
Color: White', false, 40, null, null, '2024-10-18 19:26:25', '2024-10-18 19:26:25', 1, 1, 19);
INSERT INTO product (id, product_name, retail_price, url, description, present_id, mapping_id, active, state, create_date, update_date, brand_id, category_id, shopping_mall_id) VALUES (43, '4 Bar Shirt, Blouse Light Blue', 1077360, 'https://us.wananluxury.com/en-kr/products/thom-browne-4-bar-shirt-blouse-light-blue-1', 'Details
Cotton flannel shirt with contrast \'4 Bar\' detail on the sleeve, front pocket, button closure, long cuffed sleeves.

Colours: Light Blue
Composition: 100% cotton
Made in: Italy
Dimension: True to size fit
MPN: MWL272A05245480', true, 43, null, null, '2024-10-18 19:26:25', '2024-10-18 19:26:25', 5, 6, 13);
INSERT INTO product (id, product_name, retail_price, url, description, present_id, mapping_id, active, state, create_date, update_date, brand_id, category_id, shopping_mall_id) VALUES (44, 'Thom Browne Shirts', 950060, 'https://www.baltini.com/collections/shirts/products/thom-browne-shirts-148', 'Description

Gender: Men
Material: 100% COTTON
Color: BLUE
Made in: IT
Product ID: MWL272A 05245480', false, 43, null, null, '2024-10-18 19:26:25', '2024-10-18 19:26:25', 5, 6, 24);
INSERT INTO product (id, product_name, retail_price, url, description, present_id, mapping_id, active, state, create_date, update_date, brand_id, category_id, shopping_mall_id) VALUES (45, 'Solid Flannel Shirting 4-Bar Nametag Straight Fit Shirt', 790600, 'https://hbx.com/men/brands/thom-browne/solid-flannel-shirting-4-bar-nametag-straight-fit-shirt-light-blue?_route=hbx_shop_product_show', 'Description

Thom Browne
Solid Flannel Shirting 4-Bar Nametag Straight Fit Shirt
Straight fit
Button closure
Button-down point collar
4-Bar stripe detail at left sleeve
Single patch chest pocket
Buttoned cuffs
Signature grosgrain loop tab below rear neck
Name tag appliqué above hem
Hanger loop
Curved hem
Color: Light Blue
Material: 100% Cotton
See more Shirts and Clothing', false, 43, null, null, '2024-10-18 19:26:25', '2024-10-18 19:26:25', 5, 6, 25);
INSERT INTO product (id, product_name, retail_price, url, description, present_id, mapping_id, active, state, create_date, update_date, brand_id, category_id, shopping_mall_id) VALUES (46, 'Contrin Down Vest', 1642840, 'https://www.italist.com/kr/men/clothing/coats-jackets/vests/black-polyester-contain-down-jacket/14453630/14621321/moncler/', 'Description

Made in Romania
Color: 999
Model number: 1A0007654A81999', true, 46, null, null, '2024-10-18 19:26:25', '2024-10-18 19:26:25', 6, 5, 26);
INSERT INTO product (id, product_name, retail_price, url, description, present_id, mapping_id, active, state, create_date, update_date, brand_id, category_id, shopping_mall_id) VALUES (47, 'mock neck logo patch down gilet', 893780, 'https://www.farfetch.com/kr/shopping/men/moncler-mock-neck-logo-patch-down-gilet-item-23969300.aspx?storeid=9797', 'Highlights
black
down-feather filling
logo patch at the chest
mock neck
front two-way zip fastening
two side welt pockets
sleeveless
elasticated hem
Composition
Outer: Polyester 100%

Lining: Down 90%, Feather 10%

Polyester 100%

Washing instructions
Hand Wash

Product IDs
FARFETCH ID: 23969300

Brand style ID: J20911A0007654A81', false, 46, null, null, '2024-10-18 19:26:25', '2024-10-18 19:26:25', 6, 5, 1);
INSERT INTO product (id, product_name, retail_price, url, description, present_id, mapping_id, active, state, create_date, update_date, brand_id, category_id, shopping_mall_id) VALUES (48, 'Contrin Slim-Fit Logo-Appliquéd Quilted Shell Down Gilet', 1250220, 'https://www.mrporter.com/en-kr/mens/product/moncler/clothing/gilets/contrin-slim-fit-logo-appliqued-quilted-shell-down-gilet/1647597335336049', 'Black shell
Two-way zip fastening
100% polyester; padding: 90% down, 10% feather (Goose)
Hand wash', false, 46, null, null, '2024-10-18 19:26:25', '2024-10-18 19:26:25', 6, 5, 27);
INSERT INTO product (id, product_name, retail_price, url, description, present_id, mapping_id, active, state, create_date, update_date, brand_id, category_id, shopping_mall_id) VALUES (49, 'logo-intarsia V-neck cardigan', 2291400, 'https://www.luisaviaroma.com/en-kr/p/balenciaga/men/78I-5CI003?ColorId=MTA3MA2', 'Details

Item Code:78I-5CI003
Item Color: Black/White
Front button closure
Ribbed trim
Logo details
All over pattern placement may vary
Model is wearing a size 1
Made in Italy
Composition: 98% Wool, 2% Polyamide', true, 49, null, null, '2024-10-18 19:26:25', '2024-10-18 19:26:25', 7, 3, 22);
INSERT INTO product (id, product_name, retail_price, url, description, present_id, mapping_id, active, state, create_date, update_date, brand_id, category_id, shopping_mall_id) VALUES (50, 'Balenciaga Repeat Logo Cardigan', 2291400, 'https://www.endclothing.com/kr/balenciaga-repeat-logo-cardigan-766471-t1673-1070.html', 'DESCRIPTION

Now led by trailblazing Georgian creative director Demna,
Balenciaga’s anti-establishment views disrupt the Parisian
house’s traditional design codes with an experimental edge.
Designed for upgrading your casual wardrobe, this cardigan
is cut from a cosy wool blend. Unapologetically bold, a repeat
 logo print is guaranteed to turn heads wherever you go.

98% Wool, 2% Polyamide
V-Neck
Button Closure
Ribbed Trims
Shop All Balenciaga Cardigans', false, 49, null, null, '2024-10-18 19:26:25', '2024-10-18 19:26:25', 7, 3, 23);
INSERT INTO product (id, product_name, retail_price, url, description, present_id, mapping_id, active, state, create_date, update_date, brand_id, category_id, shopping_mall_id) VALUES (51, 'Cardigan', 1819720, 'https://www.italist.com/kr/men/clothing/sweaters/cardigans/cardigan/14527410/14695101/balenciaga/', 'DESCRIPTION

Cardigan with all-over logo intarsia
- Closure With Buttons
- Long Sleeve
- Two Frontal Pockets
- Jewel Brass Details
- 41% Cotton, 27% Wool, 22% Polyester, 9% Polyamide, 1% Spandex/elastane
Made in Italy

Color: Black

Model number: 766471T16731070', false, 49, null, null, '2024-10-18 19:26:25', '2024-10-18 19:26:25', 7, 3, 26);

